Built,n,prop
3.5.0,203,0.90625
3.5.1,21,0.09375
